date,labour_force,participation_rate,part_time_employment,full_time_employment,employment,employment_growth_yoy,employment_trend_growth,employment_to_population,unemployment,unemployment_rate,unemployment_rate_trend,hours_worked,hours_worked_trend,hours_worked_trend_growth,average_hours_worked,job_vacancies,private_job_vacancies,vacancies_to_lf_ratio
1997-01-31,9116.6,63.4,2090.9,6244.7,8335.7,0.6,0.4,58.0,780.9,8.6,8.6,1236446.1,1235526.6,0.2,34.1,,,
1997-02-28,9129.5,63.4,2096.2,6238.9,8335.0,0.5,0.4,57.9,794.5,8.7,8.6,1239665.5,1237077.8,0.3,34.1,81.3,71.8,0.9
1997-03-31,9121.8,63.2,2103.2,6234.8,8338.0,0.9,0.4,57.8,783.8,8.6,8.6,1239612.0,1238074.9,0.4,34.2,,,
1997-04-30,9111.6,63.1,2104.4,6226.5,8330.9,0.4,0.4,57.7,780.7,8.6,8.6,1239139.8,1238294.9,0.4,34.2,,,
1997-05-31,9114.0,63.1,2099.4,6235.6,8335.0,0.4,0.4,57.7,779.0,8.5,8.6,1236099.1,1237805.7,0.5,34.2,82.8,72.8,0.9
1997-06-30,9093.8,62.9,2115.4,6220.9,8336.2,0.4,0.4,57.7,757.6,8.3,8.5,1239641.9,1237105.7,0.4,34.1,,,
1997-07-31,9131.5,63.1,2106.1,6241.0,8347.1,0.5,0.5,57.7,784.4,8.6,8.4,1234953.0,1237166.3,0.5,34.1,,,
1997-08-31,9104.4,62.9,2111.1,6222.6,8333.7,0.4,0.7,57.5,770.7,8.5,8.3,1234825.5,1238583.0,0.6,34.1,84.9,74.0,0.9
1997-09-30,9132.8,63.0,2129.6,6266.3,8395.9,1.2,0.9,57.9,736.8,8.1,8.2,1242202.6,1241199.5,0.8,34.1,,,
1997-10-31,9121.7,62.9,2132.2,6256.8,8389.0,1.1,1.1,57.8,732.8,8.0,8.1,1242536.5,1244308.5,1.0,34.1,,,
1997-11-30,9180.6,63.2,2158.4,6288.8,8447.3,1.8,1.3,58.2,733.3,8.0,8.0,1249120.7,1247190.9,1.2,34.1,90.4,79.7,1.0
1997-12-31,9157.2,63.0,2162.0,6270.8,8432.8,1.3,1.4,58.0,724.4,7.9,7.9,1252115.4,1249284.3,1.2,34.1,,,
1998-01-31,9160.7,62.9,2147.0,6293.1,8440.1,1.3,1.4,58.0,720.5,7.9,7.9,1250874.5,1250491.7,1.2,34.1,,,
1998-02-28,9165.8,62.9,2164.0,6289.4,8453.4,1.4,1.5,58.0,712.4,7.8,7.8,1248366.6,1251063.3,1.1,34.0,98.3,88.8,1.1
1998-03-31,9180.0,62.9,2161.0,6295.2,8456.2,1.4,1.6,57.9,723.7,7.9,7.8,1248538.3,1251503.0,1.1,34.0,,,
1998-04-30,9187.2,62.9,2175.5,6313.1,8488.6,1.9,1.7,58.1,698.6,7.6,7.8,1252587.6,1251909.2,1.1,34.0,,,
1998-05-31,9201.3,62.9,2205.6,6281.2,8486.8,1.8,1.9,58.0,714.5,7.8,7.8,1249134.1,1252261.4,1.2,33.9,104.0,94.3,1.1
1998-06-30,9229.6,63.1,2202.8,6303.9,8506.7,2.0,2.1,58.1,722.9,7.8,7.8,1255201.3,1252713.4,1.3,33.9,,,
1998-07-31,9257.3,63.2,2189.1,6329.9,8519.0,2.1,2.2,58.2,738.3,8.0,7.7,1253404.0,1253361.1,1.3,33.8,,,
1998-08-31,9248.5,63.1,2194.5,6336.7,8531.3,2.4,2.2,58.2,717.3,7.8,7.7,1249819.1,1254176.7,1.3,33.8,89.8,79.1,1.0
1998-09-30,9283.8,63.2,2218.0,6357.0,8575.0,2.1,2.1,58.4,708.7,7.6,7.6,1252498.4,1255121.4,1.1,33.7,,,
1998-10-31,9263.0,63.0,2233.7,6351.8,8585.5,2.3,2.0,58.4,677.5,7.3,7.5,1259738.4,1256345.8,1.0,33.7,,,
1998-11-30,9271.8,63.0,2235.7,6329.0,8564.7,1.4,1.9,58.2,707.1,7.6,7.4,1260265.9,1258050.9,0.9,33.7,102.0,90.6,1.1
1998-12-31,9250.7,62.8,2238.5,6347.7,8586.2,1.8,1.8,58.3,664.6,7.2,7.3,1260937.3,1260161.1,0.9,33.8,,,
1999-01-31,9244.2,62.7,2222.0,6364.1,8586.1,1.7,1.7,58.2,658.1,7.1,7.2,1257316.8,1262549.1,1.0,33.8,,,
1999-02-28,9252.8,62.7,2232.6,6361.8,8594.4,1.7,1.7,58.2,658.4,7.1,7.1,1263939.6,1264973.4,1.1,33.8,87.2,75.0,0.9
1999-03-31,9271.1,62.7,2241.3,6379.6,8620.9,1.9,1.7,58.3,650.2,7.0,7.0,1271525.6,1267257.0,1.3,33.9,,,
1999-04-30,9269.7,62.6,2241.8,6381.0,8622.7,1.6,1.7,58.3,647.0,7.0,7.0,1271909.2,1269225.5,1.4,33.9,,,
1999-05-31,9261.5,62.5,2249.3,6361.5,8610.9,1.5,1.7,58.1,650.6,7.0,6.9,1269976.8,1271153.1,1.5,33.9,100.2,87.4,1.1
1999-06-30,9279.4,62.6,2257.4,6404.7,8662.0,1.8,1.7,58.4,617.4,6.7,6.9,1262954.9,1273384.1,1.7,33.9,,,
1999-07-31,9301.0,62.7,2256.2,6424.0,8680.1,1.9,1.7,58.5,620.9,6.7,6.8,1274334.3,1276671.8,1.9,33.9,,,
1999-08-31,9332.7,62.8,2250.1,6438.0,8688.2,1.8,1.7,58.5,644.5,6.9,6.8,1286674.6,1281579.7,2.2,33.9,106.9,92.3,1.1
1999-09-30,9360.8,62.9,2256.8,6444.8,8701.7,1.5,1.8,58.5,659.1,7.0,6.8,1285013.9,1287757.8,2.6,34.0,,,
1999-10-31,9377.0,63.0,2273.2,6468.4,8741.5,1.8,1.9,58.7,635.4,6.8,6.8,1299053.0,1293896.6,3.0,34.1,,,
1999-11-30,9354.0,62.7,2278.0,6473.5,8751.5,2.2,2.1,58.7,602.4,6.4,6.7,1299381.8,1298509.3,3.2,34.1,109.6,94.2,1.2
1999-12-31,9415.3,63.1,2297.1,6488.9,8786.0,2.3,2.2,58.9,629.4,6.7,6.7,1305936.3,1301107.3,3.2,34.1,,,
2000-01-31,9372.4,62.7,2283.5,6454.5,8738.0,1.8,2.4,58.5,634.3,6.8,6.6,1321722.9,1301979.4,3.1,34.0,,,
2000-02-29,9412.1,62.9,2313.2,6475.9,8789.1,2.3,2.6,58.7,623.0,6.6,6.5,1297678.6,1302260.3,2.9,34.0,118.1,100.3,1.3
2000-03-31,9458.0,63.1,2315.6,6521.4,8837.0,2.5,2.8,58.9,620.9,6.6,6.5,1299896.0,1302710.6,2.8,33.9,,,
2000-04-30,9478.3,63.2,2339.1,6534.8,8873.9,2.9,3.0,59.1,604.4,6.4,6.4,1294884.1,1303808.8,2.7,33.8,,,
2000-05-31,9478.0,63.1,2344.6,6525.5,8870.0,3.0,3.2,59.1,608.0,6.4,6.2,1309666.3,1305592.4,2.7,33.7,115.9,96.7,1.2
2000-06-30,9490.6,63.1,2320.9,6589.3,8910.2,2.9,3.3,59.3,580.4,6.1,6.1,1333222.3,1307631.0,2.7,33.7,,,
2000-07-31,9561.4,63.5,2367.5,6624.6,8992.1,3.6,3.3,59.7,569.3,6.0,6.1,1336721.9,1309174.2,2.5,33.6,,,
2000-08-31,9568.1,63.5,2384.8,6604.2,8989.1,3.5,3.2,59.7,579.0,6.1,6.0,1321479.9,1309372.8,2.2,33.6,114.4,99.5,1.2
2000-09-30,9555.5,63.3,2356.7,6628.9,8985.6,3.3,2.9,59.6,569.8,6.0,6.0,1323551.0,1308296.0,1.6,33.6,,,
2000-10-31,9533.5,63.1,2371.8,6588.7,8960.5,2.5,2.6,59.3,573.0,6.0,6.1,1309516.9,1306553.3,1.0,33.5,,,
2000-11-30,9497.8,62.8,2329.4,6573.6,8903.0,1.7,2.2,58.9,594.8,6.3,6.1,1302394.4,1304610.1,0.5,33.5,114.8,98.6,1.2
2000-12-31,9540.3,63.0,2376.4,6568.2,8944.6,1.8,1.9,59.1,595.7,6.2,6.2,1297683.3,1303190.1,0.2,33.5,,,
2001-01-31,9539.4,62.9,2410.3,6543.3,8953.6,2.5,1.7,59.0,585.8,6.1,6.3,1304966.9,1302577.5,0.0,33.5,,,
2001-02-28,9576.9,63.0,2397.8,6556.3,8954.2,1.9,1.5,58.9,622.7,6.5,6.4,1305162.2,1302936.8,0.1,33.5,99.7,85.6,1.0
2001-03-31,9582.9,63.0,2387.2,6576.8,8963.9,1.4,1.4,58.9,619.0,6.5,6.5,1300859.8,1303847.1,0.1,33.4,,,
2001-04-30,9670.8,63.5,2456.8,6558.1,9014.9,1.6,1.2,59.2,655.9,6.8,6.7,1303289.5,1304933.8,0.1,33.4,,,
2001-05-31,9674.9,63.5,2454.6,6553.4,9008.0,1.6,1.0,59.1,666.9,6.9,6.8,1311148.7,1305332.5,0.0,33.4,94.0,78.9,1.0
2001-06-30,9675.7,63.4,2484.5,6520.4,9004.9,1.1,0.8,59.0,670.8,6.9,6.9,1301832.3,1304994.7,-0.2,33.3,,,
2001-07-31,9691.4,63.4,2531.9,6492.7,9024.6,0.4,0.7,59.1,666.8,6.9,6.9,1306250.4,1304500.7,-0.4,33.3,,,
2001-08-31,9715.6,63.5,2536.1,6510.9,9047.0,0.6,0.7,59.1,668.5,6.9,6.9,1302189.8,1304386.3,-0.4,33.2,90.2,74.7,0.9
2001-09-30,9689.6,63.3,2519.8,6506.9,9026.7,0.5,0.8,58.9,663.0,6.8,7.0,1306668.1,1304832.4,-0.3,33.2,,,
2001-10-31,9747.2,63.6,2519.2,6526.8,9046.0,1.0,1.0,59.0,701.2,7.2,7.0,1303722.2,1306029.0,0.0,33.2,,,
2001-11-30,9749.7,63.5,2548.7,6529.9,9078.7,2.0,1.3,59.1,671.1,6.9,6.9,1308457.6,1307865.6,0.2,33.2,88.5,73.5,0.9
2001-12-31,9732.8,63.3,2526.3,6538.7,9065.0,1.3,1.5,59.0,667.8,6.9,6.9,1313269.8,1310213.7,0.5,33.2,,,
2002-01-31,9761.7,63.4,2546.1,6540.7,9086.9,1.5,1.6,59.0,674.8,6.9,6.8,1297620.4,1312653.4,0.8,33.2,,,
2002-02-28,9765.2,63.3,2584.6,6542.3,9126.9,1.9,1.7,59.2,638.3,6.5,6.6,1319177.1,1314949.0,0.9,33.2,90.5,74.6,0.9
2002-03-31,9759.8,63.2,2565.9,6566.3,9132.2,1.9,1.6,59.2,627.6,6.4,6.5,1330430.9,1316638.8,1.0,33.2,,,
2002-04-30,9737.4,63.0,2574.9,6544.7,9119.5,1.2,1.6,59.0,617.9,6.3,6.4,1316622.4,1317881.4,1.0,33.2,,,
2002-05-31,9757.0,63.1,2545.1,6590.1,9135.2,1.4,1.6,59.1,621.8,6.4,6.4,1323681.7,1318802.3,1.0,33.2,96.2,80.5,1.0
2002-06-30,9797.7,63.3,2616.3,6544.9,9161.2,1.7,1.6,59.2,636.4,6.5,6.3,1316419.6,1320054.1,1.2,33.2,,,
2002-07-31,9771.1,63.1,2594.2,6573.0,9167.2,1.6,1.7,59.2,603.8,6.2,6.3,1319742.8,1322087.1,1.3,33.1,,,
2002-08-31,9849.6,63.5,2609.9,6614.3,9224.2,2.0,1.9,59.5,625.4,6.3,6.3,1330370.7,1325343.6,1.6,33.1,103.0,87.8,1.0
2002-09-30,9847.3,63.4,2634.6,6591.2,9225.7,2.2,2.0,59.4,621.6,6.3,6.3,1332602.6,1329897.3,1.9,33.2,,,
2002-10-31,9837.6,63.3,2641.3,6593.4,9234.7,2.1,2.3,59.4,602.9,6.1,6.2,1325109.2,1335241.0,2.2,33.2,,,
2002-11-30,9893.5,63.6,2658.7,6625.1,9283.8,2.3,2.5,59.6,609.7,6.2,6.2,1344123.4,1340478.0,2.5,33.2,97.6,83.3,1.0
2002-12-31,9942.3,63.8,2661.9,6665.8,9327.7,2.9,2.8,59.8,614.7,6.2,6.1,1343791.4,1344796.8,2.6,33.2,,,
2003-01-31,9988.7,64.0,2692.2,6689.1,9381.3,3.2,2.9,60.1,607.4,6.1,6.1,1350813.2,1347605.0,2.7,33.1,,,
2003-02-28,10001.6,64.0,2695.7,6710.4,9406.0,3.1,3.0,60.2,595.6,6.0,6.1,1349202.7,1349165.3,2.6,33.1,109.7,95.1,1.1
2003-03-31,9971.1,63.7,2694.3,6665.4,9359.7,2.5,2.9,59.8,611.4,6.1,6.1,1349236.8,1349704.1,2.5,33.1,,,
2003-04-30,9958.3,63.5,2701.0,6656.9,9357.9,2.6,2.8,59.7,600.5,6.0,6.1,1347925.5,1349458.7,2.4,33.1,,,
2003-05-31,9981.4,63.6,2695.9,6679.7,9375.6,2.6,2.5,59.8,605.8,6.1,6.1,1342986.5,1348722.5,2.3,33.1,104.6,90.1,1.0
2003-06-30,9955.0,63.4,2714.0,6638.2,9352.2,2.1,2.4,59.6,602.7,6.1,6.1,1348529.3,1348072.3,2.1,33.1,,,
2003-07-31,9953.3,63.3,2678.9,6664.4,9343.3,1.9,2.2,59.5,609.9,6.1,6.0,1350282.8,1347940.1,2.0,33.1,,,
2003-08-31,9981.0,63.4,2694.1,6706.2,9400.3,1.9,2.1,59.7,580.7,5.8,5.9,1345705.5,1348722.8,1.8,33.0,104.1,90.5,1.0
2003-09-30,9985.1,63.4,2690.1,6718.3,9408.4,2.0,2.0,59.7,576.7,5.8,5.8,1347480.7,1350316.8,1.5,33.0,,,
2003-10-31,10011.0,63.5,2681.7,6750.4,9432.0,2.1,1.8,59.8,579.0,5.8,5.8,1352313.2,1352551.4,1.3,33.0,,,
2003-11-30,9994.0,63.3,2664.3,6763.9,9428.2,1.6,1.6,59.7,565.8,5.7,5.7,1358340.0,1355227.8,1.1,33.0,107.5,94.0,1.1
2003-12-31,10029.9,63.5,2684.2,6775.9,9460.1,1.4,1.4,59.9,569.8,5.7,5.6,1360276.9,1357854.9,1.0,33.0,,,
2004-01-31,10015.9,63.3,2656.6,6805.3,9461.9,0.9,1.2,59.8,554.0,5.5,5.6,1357999.4,1360136.8,0.9,33.0,,,
2004-02-29,10031.5,63.3,2686.5,6779.0,9465.4,0.6,1.1,59.7,566.1,5.6,5.5,1363165.0,1361995.3,1.0,33.0,103.8,91.7,1.0
2004-03-31,10045.1,63.3,2679.9,6819.1,9498.9,1.5,1.2,59.9,546.2,5.4,5.5,1364457.7,1363497.6,1.0,33.0,,,
2004-04-30,10063.0,63.4,2694.3,6814.4,9508.8,1.6,1.3,59.9,554.2,5.5,5.5,1367125.5,1364981.1,1.2,33.0,,,
2004-05-31,10061.7,63.3,2710.1,6814.6,9524.7,1.6,1.5,59.9,537.0,5.3,5.5,1365715.5,1366724.3,1.3,33.0,127.1,113.8,1.3
2004-06-30,10080.3,63.4,2697.5,6832.1,9529.6,1.9,1.6,59.9,550.7,5.5,5.4,1372123.3,1368821.4,1.5,33.0,,,
2004-07-31,10098.6,63.4,2699.3,6838.7,9538.0,2.1,1.8,59.9,560.5,5.6,5.4,1356499.1,1371372.7,1.7,33.0,,,
2004-08-31,10092.0,63.3,2688.1,6847.0,9535.2,1.4,1.9,59.8,556.8,5.5,5.4,1372959.9,1374700.8,1.9,33.0,124.6,110.5,1.2
2004-09-30,10135.8,63.5,2730.9,6860.6,9591.4,1.9,2.1,60.1,544.4,5.4,5.3,1379611.9,1379062.0,2.1,33.0,,,
2004-10-31,10166.3,63.6,2734.9,6910.6,9645.5,2.3,2.2,60.4,520.8,5.1,5.3,1385279.7,1384358.3,2.4,33.0,,,
2004-11-30,10210.7,63.8,2755.4,6928.3,9683.7,2.7,2.4,60.5,527.0,5.2,5.2,1388457.3,1390357.3,2.6,33.1,139.2,123.9,1.4
2004-12-31,10210.1,63.7,2755.5,6937.1,9692.6,2.5,2.6,60.5,517.5,5.1,5.1,1396540.1,1396495.4,2.8,33.1,,,
2005-01-31,10264.6,64.0,2776.2,6967.6,9743.8,3.0,2.9,60.7,520.8,5.1,5.1,1407996.2,1402455.9,3.1,33.1,,,
2005-02-28,10298.6,64.1,2761.7,7013.2,9775.0,3.3,3.1,60.8,523.6,5.1,5.1,1407715.3,1407676.9,3.4,33.1,146.2,130.7,1.4
2005-03-31,10350.8,64.3,2801.3,7015.1,9816.4,3.3,3.4,61.0,534.4,5.2,5.1,1413028.5,1412135.9,3.6,33.1,,,
2005-04-30,10387.2,64.5,2792.9,7062.3,9855.2,3.6,3.6,61.2,532.0,5.1,5.1,1416656.1,1415804.1,3.7,33.1,,,
2005-05-31,10367.9,64.3,2805.7,7033.5,9839.2,3.3,3.7,61.0,528.7,5.1,5.1,1414704.1,1418549.5,3.8,33.1,140.9,125.7,1.4
2005-06-30,10400.3,64.4,2798.0,7087.5,9885.5,3.7,3.8,61.2,514.8,5.0,5.0,1424119.9,1420154.4,3.8,33.0,,,
2005-07-31,10418.4,64.5,2821.7,7078.7,9900.4,3.8,3.7,61.3,518.0,5.0,5.0,1418468.9,1421015.4,3.6,33.0,,,
2005-08-31,10456.9,64.6,2847.8,7096.6,9944.4,4.3,3.6,61.4,512.5,4.9,5.0,1425077.0,1420987.2,3.4,33.0,139.0,123.3,1.3
2005-09-30,10450.9,64.5,2845.3,7082.8,9928.1,3.5,3.4,61.3,522.8,5.0,5.0,1419873.7,1420065.8,3.0,32.9,,,
2005-10-31,10457.3,64.5,2868.9,7063.8,9932.7,3.0,3.1,61.2,524.5,5.0,5.0,1416689.5,1418805.6,2.5,32.8,,,
2005-11-30,10458.7,64.4,2834.8,7107.5,9942.3,2.7,2.9,61.2,516.5,4.9,5.0,1416925.0,1417753.3,2.0,32.8,134.1,119.0,1.3
2005-12-31,10489.3,64.5,2858.0,7099.5,9957.5,2.7,2.6,61.2,531.8,5.1,5.1,1424303.5,1417620.0,1.5,32.7,,,
2006-01-31,10497.4,64.4,2821.3,7134.1,9955.4,2.2,2.4,61.1,542.0,5.2,5.1,1405464.1,1418870.1,1.2,32.7,,,
2006-02-28,10530.1,64.5,2855.4,7137.3,9992.7,2.2,2.3,61.2,537.4,5.1,5.0,1423793.3,1421566.9,1.0,32.7,144.3,128.7,1.4
2006-03-31,10547.8,64.5,2894.8,7139.6,10034.4,2.2,2.2,61.4,513.4,4.9,5.0,1429500.3,1425760.3,1.0,32.7,,,
2006-04-30,10566.2,64.6,2882.3,7159.2,10041.5,1.9,2.2,61.4,524.7,5.0,4.9,1425198.8,1430992.4,1.1,32.7,,,
2006-05-31,10577.0,64.6,2886.2,7183.3,10069.4,2.3,2.3,61.5,507.5,4.8,4.8,1446340.5,1437061.8,1.3,32.8,154.1,136.6,1.5
2006-06-30,10619.8,64.8,2900.3,7208.9,10109.2,2.3,2.4,61.7,510.6,4.8,4.8,1441603.3,1443165.6,1.6,32.8,,,
2006-07-31,10657.5,64.9,2915.2,7245.9,10161.2,2.6,2.5,61.9,496.3,4.7,4.7,1450345.8,1448787.3,2.0,32.8,,,
2006-08-31,10682.7,64.9,2909.7,7269.6,10179.3,2.4,2.7,61.9,503.4,4.7,4.7,1454455.0,1453457.3,2.3,32.8,154.9,138.6,1.5
2006-09-30,10723.5,65.1,2915.5,7307.6,10223.1,3.0,2.8,62.0,500.4,4.7,4.6,1457558.4,1457126.9,2.6,32.8,,,
2006-10-31,10671.8,64.7,2924.6,7270.9,10195.5,2.6,2.9,61.8,476.3,4.5,4.6,1462679.1,1459812.2,2.9,32.8,,,
2006-11-30,10713.6,64.8,2928.1,7301.8,10229.9,2.9,3.0,61.9,483.7,4.5,4.6,1456757.8,1461993.5,3.1,32.8,162.1,145.0,1.5
2006-12-31,10774.5,65.1,2940.2,7342.1,10282.4,3.3,3.0,62.1,492.2,4.6,4.5,1471922.8,1464656.4,3.3,32.8,,,
2007-01-31,10766.4,64.9,2918.9,7357.1,10276.0,3.2,3.1,62.0,490.4,4.6,4.5,1438359.9,1468053.4,3.5,32.8,,,
2007-02-28,10808.6,65.0,2926.3,7381.4,10307.7,3.2,3.1,62.0,500.9,4.6,4.5,1470941.8,1472267.6,3.6,32.8,160.8,143.9,1.5
2007-03-31,10819.6,65.0,2917.8,7419.3,10337.1,3.0,3.1,62.1,482.5,4.5,4.5,1481883.2,1476925.7,3.6,32.9,,,
2007-04-30,10841.6,65.0,2949.0,7417.1,10366.1,3.2,3.1,62.2,475.5,4.4,4.4,1481154.7,1481471.7,3.5,32.9,,,
2007-05-31,10865.4,65.0,2926.1,7476.0,10402.0,3.3,3.0,62.3,463.3,4.3,4.3,1490637.6,1485555.9,3.4,32.9,168.6,151.2,1.6
2007-06-30,10895.3,65.1,2959.5,7464.7,10424.1,3.1,3.0,62.3,471.1,4.3,4.3,1484279.9,1489339.9,3.2,32.9,,,
2007-07-31,10911.0,65.1,2962.4,7484.5,10447.0,2.8,3.0,62.4,464.1,4.3,4.3,1495026.1,1493217.9,3.1,32.9,,,
2007-08-31,10955.5,65.3,2971.8,7512.7,10484.5,3.0,3.0,62.5,471.0,4.3,4.3,1495289.8,1496764.3,3.0,32.8,173.3,155.1,1.6
2007-09-30,10975.9,65.3,3015.6,7497.9,10513.4,2.8,3.0,62.5,462.5,4.2,4.3,1483751.1,1500154.7,3.0,32.8,,,
2007-10-31,10978.8,65.2,2942.2,7561.6,10503.9,3.0,3.0,62.4,475.0,4.3,4.3,1511439.9,1503241.3,3.0,32.8,,,
2007-11-30,11051.0,65.5,2995.3,7566.5,10561.8,3.2,3.1,62.6,489.2,4.4,4.3,1513984.7,1506116.6,3.0,32.8,183.3,164.4,1.7
2007-12-31,11058.7,65.5,2999.7,7582.5,10582.2,2.9,3.2,62.7,476.4,4.3,4.2,1506069.9,1509229.0,3.0,32.8,,,
2008-01-31,11082.1,65.5,3036.4,7578.1,10614.4,3.3,3.2,62.7,467.7,4.2,4.2,1504529.1,1512580.4,3.0,32.8,,,
2008-02-29,11090.0,65.4,3014.7,7634.0,10648.7,3.3,3.2,62.8,441.3,4.0,4.2,1522548.8,1516679.1,3.0,32.8,178.2,159.4,1.6
2008-03-31,11121.1,65.4,3045.7,7624.2,10669.9,3.2,3.2,62.7,451.2,4.1,4.2,1521763.3,1521598.4,3.0,32.8,,,
2008-04-30,11185.5,65.7,3072.0,7636.4,10708.4,3.3,3.2,62.9,477.1,4.3,4.2,1527202.4,1527146.6,3.1,32.8,,,
2008-05-31,11156.5,65.4,3046.7,7633.9,10680.5,2.7,3.1,62.6,476.0,4.3,4.2,1530653.2,1532525.3,3.2,32.9,184.5,165.2,1.7
2008-06-30,11208.9,65.6,3060.0,7673.2,10733.2,3.0,3.1,62.8,475.7,4.2,4.2,1532912.2,1536638.1,3.2,32.9,,,
2008-07-31,11228.6,65.6,3003.8,7747.6,10751.4,2.9,3.0,62.8,477.3,4.3,4.2,1548525.3,1538958.5,3.1,32.9,,,
2008-08-31,11245.0,65.5,3030.9,7762.6,10793.5,2.9,2.8,62.9,451.5,4.0,4.2,1540999.2,1539357.5,2.8,32.9,,,
2008-09-30,11260.6,65.5,3056.5,7721.1,10777.6,2.5,2.6,62.7,483.0,4.3,4.3,1536883.2,1537906.8,2.5,32.8,,,
2008-10-31,11270.7,65.4,3084.6,7702.5,10787.1,2.7,2.4,62.6,483.5,4.3,4.4,1536030.5,1534390.8,2.1,32.7,,,
2008-11-30,11284.9,65.4,3075.7,7705.6,10781.3,2.1,2.1,62.5,503.6,4.5,4.6,1528753.1,1529781.8,1.6,32.6,,,
2008-12-31,11305.8,65.4,3123.8,7665.2,10789.1,2.0,1.9,62.4,516.7,4.6,4.8,1525814.8,1524814.8,1.0,32.5,,,
2009-01-31,11348.8,65.5,3068.8,7723.0,10791.8,1.7,1.6,62.3,557.0,4.9,5.0,1546663.7,1520317.3,0.5,32.4,,,
2009-02-28,11409.4,65.7,3141.5,7662.8,10804.3,1.5,1.3,62.2,605.0,5.3,5.2,1512427.6,1516445.1,0.0,32.3,,,
2009-03-31,11423.2,65.7,3150.9,7619.8,10770.8,0.9,1.0,61.9,652.4,5.7,5.4,1511434.4,1512789.2,-0.6,32.3,,,
2009-04-30,11424.1,65.6,3128.2,7666.1,10794.3,0.8,0.7,62.0,629.9,5.5,5.6,1517504.5,1509760.0,-1.1,32.2,,,
2009-05-31,11437.9,65.5,3156.1,7617.0,10773.1,0.9,0.5,61.7,664.8,5.8,5.7,1503361.8,1507384.3,-1.6,32.2,,,
2009-06-30,11424.7,65.4,3157.8,7597.3,10755.0,0.2,0.3,61.5,669.7,5.9,5.8,1507452.0,1505957.3,-2.0,32.1,,,
2009-07-31,11448.8,65.4,3202.6,7596.7,10799.3,0.4,0.2,61.7,649.5,5.7,5.8,1500844.8,1505992.8,-2.1,32.1,,,
2009-08-31,11443.3,65.3,3218.2,7571.2,10789.4,0.0,0.2,61.5,654.0,5.7,5.7,1503126.0,1507801.9,-2.0,32.1,,,
2009-09-30,11458.7,65.3,3231.6,7578.3,10809.9,0.3,0.3,61.6,648.8,5.7,5.7,1516041.1,1511575.4,-1.7,32.2,,,
2009-10-31,11465.1,65.2,3238.2,7582.2,10820.3,0.3,0.4,61.5,644.8,5.6,5.6,1508453.7,1516768.1,-1.1,32.2,,,
2009-11-30,11489.7,65.3,3242.7,7608.4,10851.1,0.6,0.7,61.6,638.6,5.6,5.6,1528136.4,1522281.7,-0.5,32.2,148.9,132.4,1.3
2009-12-31,11520.0,65.4,3270.6,7616.8,10887.4,0.9,0.9,61.8,632.6,5.5,5.5,1529806.2,1527022.2,0.1,32.3,,,
2010-01-31,11544.6,65.4,3297.3,7639.3,10936.6,1.3,1.1,61.9,608.0,5.3,5.4,1533188.8,1531092.9,0.7,32.3,,,
2010-02-28,11531.0,65.2,3298.0,7622.1,10920.1,1.1,1.3,61.7,611.0,5.3,5.4,1536421.9,1534404.7,1.2,32.3,168.4,151.5,1.5
2010-03-31,11552.2,65.2,3289.7,7636.1,10925.8,1.4,1.4,61.7,626.4,5.4,5.4,1524966.0,1537736.6,1.6,32.3,,,
2010-04-30,11573.7,65.3,3259.6,7677.7,10937.3,1.3,1.6,61.7,636.4,5.5,5.3,1537842.4,1541576.2,2.1,32.4,,,
2010-05-31,11542.9,65.0,3244.4,7694.9,10939.2,1.5,1.7,61.6,603.6,5.2,5.3,1554882.0,1546135.5,2.6,32.4,170.3,155.3,1.5
2010-06-30,11588.9,65.2,3280.1,7712.6,10992.7,2.2,1.9,61.9,596.2,5.1,5.2,1554524.5,1551348.4,3.0,32.5,,,
2010-07-31,11634.2,65.4,3306.1,7712.8,11019.0,2.0,2.1,61.9,615.2,5.3,5.2,1548229.8,1556346.3,3.3,32.5,,,
2010-08-31,11646.9,65.4,3284.3,7776.6,11060.8,2.5,2.4,62.1,586.1,5.0,5.2,1563016.5,1560950.4,3.5,32.5,178.6,160.6,1.5
2010-09-30,11677.4,65.5,3273.1,7814.0,11087.1,2.6,2.5,62.2,590.2,5.1,5.1,1562126.0,1565207.4,3.5,32.5,,,
2010-10-31,11724.0,65.7,3311.5,7792.9,11104.4,2.6,2.6,62.2,619.6,5.3,5.1,1568642.9,1569378.3,3.5,32.5,,,
2010-11-30,11764.6,65.8,3305.3,7858.2,11163.5,2.9,2.6,62.4,601.0,5.1,5.1,1571418.0,1573437.8,3.4,32.5,191.1,173.3,1.6
2010-12-31,11742.1,65.6,3313.9,7855.5,11169.4,2.6,2.5,62.4,572.6,4.9,5.0,1570203.7,1576695.1,3.3,32.5,,,
2011-01-31,11789.9,65.8,3336.3,7863.6,11199.9,2.4,2.4,62.5,590.0,5.0,5.0,1581295.4,1578595.9,3.1,32.5,,,
2011-02-28,11760.0,65.5,3280.0,7895.3,11175.3,2.3,2.4,62.2,584.8,5.0,5.0,1580312.4,1579248.8,2.9,32.5,189.4,171.4,1.6
2011-03-31,11796.4,65.6,3283.7,7931.6,11215.3,2.6,2.3,62.4,581.1,4.9,5.0,1581031.9,1579290.3,2.7,32.5,,,
2011-04-30,11765.8,65.4,3298.6,7883.6,11182.3,2.2,2.3,62.1,583.5,5.0,5.0,1554788.7,1578999.0,2.4,32.4,,,
2011-05-31,11762.8,65.3,3336.5,7836.6,11173.1,2.1,2.2,62.0,589.7,5.0,5.0,1575141.9,1579345.4,2.1,32.4,187.3,169.7,1.6
2011-06-30,11785.0,65.3,3298.3,7907.2,11205.5,1.9,2.1,62.1,579.4,4.9,5.1,1583403.4,1580479.3,1.9,32.4,,,
2011-07-31,11811.1,65.4,3325.5,7884.1,11209.6,1.7,1.9,62.0,601.5,5.1,5.1,1583720.1,1582069.4,1.7,32.4,,,
2011-08-31,11842.7,65.5,3333.5,7885.1,11218.6,1.4,1.6,62.0,624.1,5.3,5.2,1585357.5,1583722.8,1.5,32.4,183.4,166.3,1.5
2011-09-30,11865.4,65.5,3350.6,7895.1,11245.8,1.4,1.4,62.1,619.6,5.2,5.2,1582439.9,1584903.0,1.3,32.4,,,
2011-10-31,11864.7,65.4,3332.8,7916.4,11249.2,1.3,1.2,62.0,615.5,5.2,5.3,1593863.2,1585677.4,1.0,32.4,,,
2011-11-30,11874.3,65.4,3370.2,7882.9,11253.1,0.8,1.0,61.9,621.1,5.2,5.3,1586975.8,1586386.8,0.8,32.4,179.3,161.8,1.5
2011-12-31,11848.0,65.1,3315.3,7917.0,11232.3,0.6,0.9,61.7,615.7,5.2,5.2,1589876.4,1587941.0,0.7,32.4,,,
2012-01-31,11906.3,65.3,3343.0,7962.1,11305.1,0.9,0.9,62.0,601.2,5.0,5.2,1590932.8,1590091.9,0.7,32.4,,,
2012-02-29,11887.8,65.1,3322.3,7948.1,11270.4,0.9,0.9,61.7,617.3,5.2,5.1,1587289.2,1592081.2,0.8,32.4,181.8,164.7,1.5
2012-03-31,11953.1,65.3,3366.5,7967.1,11333.6,1.1,1.0,62.0,619.5,5.2,5.1,1596174.3,1593106.1,0.9,32.4,,,
2012-04-30,11917.1,65.1,3376.5,7945.4,11321.9,1.2,1.1,61.8,595.2,5.0,5.1,1595148.9,1593064.9,0.9,32.4,,,
2012-05-31,11987.8,65.4,3377.1,7987.4,11364.4,1.7,1.2,62.0,623.4,5.2,5.2,1606146.9,1591983.5,0.8,32.3,178.1,162.8,1.5
2012-06-30,11955.5,65.1,3379.6,7958.8,11338.4,1.2,1.3,61.7,617.2,5.2,5.2,1578672.2,1590362.1,0.6,32.2,,,
2012-07-31,11968.7,65.1,3381.9,7966.6,11348.5,1.2,1.2,61.7,620.3,5.2,5.2,1588807.0,1589298.7,0.5,32.2,,,
2012-08-31,11978.5,65.0,3382.4,7978.3,11360.7,1.3,1.2,61.7,617.8,5.2,5.3,1587870.2,1589396.1,0.4,32.2,175.3,162.3,1.5
2012-09-30,12051.3,65.3,3366.9,8022.9,11389.8,1.3,1.2,61.7,661.4,5.5,5.3,1597996.9,1591026.8,0.4,32.2,,,
2012-10-31,12042.5,65.2,3352.7,8038.3,11391.0,1.3,1.2,61.7,651.5,5.4,5.3,1586251.9,1593570.6,0.5,32.2,,,
2012-11-30,12017.1,65.0,3369.4,8016.0,11385.4,1.2,1.2,61.5,631.7,5.3,5.4,1600270.2,1596046.0,0.6,32.2,164.8,152.5,1.4
2012-12-31,12052.3,65.1,3391.9,8005.8,11397.7,1.5,1.3,61.5,654.7,5.4,5.4,1600656.1,1597981.9,0.6,32.2,,,
2013-01-31,12116.7,65.3,3400.2,8063.2,11463.3,1.4,1.3,61.8,653.4,5.4,5.4,1600370.5,1599172.2,0.6,32.2,,,
2013-02-28,12120.8,65.2,3457.7,8009.0,11466.7,1.7,1.3,61.7,654.0,5.4,5.5,1602216.4,1600208.9,0.5,32.2,149.8,138.5,1.2
2013-03-31,12118.8,65.1,3441.7,7993.6,11435.3,0.9,1.3,61.4,683.5,5.6,5.6,1595392.9,1601516.7,0.5,32.2,,,
2013-04-30,12146.1,65.1,3443.9,8023.4,11467.3,1.3,1.2,61.5,678.8,5.6,5.6,1608098.7,1603438.3,0.7,32.2,,,
2013-05-31,12138.9,65.0,3453.6,8004.4,11458.0,0.8,1.1,61.4,680.9,5.6,5.6,1605504.2,1605735.4,0.9,32.2,143.5,132.4,1.2
2013-06-30,12162.5,65.1,3477.1,7992.7,11469.8,1.2,1.0,61.4,692.6,5.7,5.7,1603667.2,1607954.2,1.1,32.3,,,
2013-07-31,12141.5,64.9,3465.4,7991.9,11457.3,1.0,1.0,61.2,684.3,5.6,5.7,1613564.0,1609020.3,1.2,32.3,,,
2013-08-31,12170.8,64.9,3462.4,7997.2,11459.6,0.9,0.9,61.1,711.3,5.8,5.7,1617973.1,1608584.0,1.2,32.3,140.6,129.1,1.2
2013-09-30,12168.4,64.8,3471.3,8002.8,11474.0,0.7,0.8,61.1,694.4,5.7,5.8,1605561.4,1607020.4,1.0,32.2,,,
2013-10-31,12179.7,64.8,3505.4,7965.1,11470.5,0.7,0.7,61.1,709.2,5.8,5.8,1603284.0,1605217.9,0.7,32.2,,,
2013-11-30,12154.0,64.6,3494.7,7954.8,11449.5,0.6,0.5,60.9,704.5,5.8,5.8,1602728.4,1603964.5,0.5,32.2,138.9,128.9,1.1
2013-12-31,12136.6,64.5,3509.8,7910.8,11420.6,0.2,0.4,60.7,716.0,5.9,5.9,1601860.3,1603496.4,0.3,32.2,,,
2014-01-31,12180.0,64.6,3516.2,7939.7,11455.9,-0.1,0.4,60.8,724.1,5.9,5.8,1594807.0,1604103.4,0.3,32.2,,,
2014-02-28,12195.0,64.6,3521.7,7956.5,11478.2,0.1,0.4,60.8,716.8,5.9,5.8,1604846.2,1605779.5,0.3,32.2,143.2,133.0,1.2
2014-03-31,12252.1,64.8,3542.9,7989.4,11532.3,0.8,0.4,61.0,719.8,5.9,5.8,1611698.7,1608087.9,0.4,32.2,,,
2014-04-30,12249.0,64.7,3530.7,8007.4,11538.0,0.6,0.5,60.9,711.0,5.8,5.9,1608265.4,1610580.3,0.4,32.2,,,
2014-05-31,12238.9,64.6,3491.3,8021.9,11513.2,0.5,0.6,60.7,725.7,5.9,5.9,1610983.9,1612785.1,0.4,32.2,147.4,135.2,1.2
2014-06-30,12270.3,64.7,3528.9,7999.3,11528.1,0.5,0.6,60.8,742.1,6.0,6.0,1616363.7,1614235.5,0.4,32.2,,,
2014-07-31,12304.7,64.8,3514.6,8030.6,11545.2,0.8,0.6,60.8,759.5,6.2,6.1,1614542.5,1614551.6,0.3,32.2,,,
2014-08-31,12298.9,64.7,3533.1,8015.5,11548.7,0.8,0.7,60.7,750.3,6.1,6.2,1615100.0,1614105.6,0.3,32.2,146.6,134.2,1.2
2014-09-30,12314.9,64.7,3535.3,8011.6,11546.9,0.6,0.8,60.6,768.0,6.2,6.3,1610561.9,1613555.4,0.4,32.1,,,
2014-10-31,12325.9,64.6,3528.6,8013.7,11542.3,0.6,0.9,60.5,783.6,6.4,6.3,1611225.7,1613933.9,0.5,32.1,,,
2014-11-30,12318.1,64.5,3557.8,7984.7,11542.5,0.8,1.1,60.5,775.6,6.3,6.3,1611849.1,1615892.6,0.7,32.1,149.7,137.2,1.2
2014-12-31,12354.9,64.7,3568.7,8032.0,11600.7,1.6,1.3,60.7,754.2,6.1,6.3,1601929.5,1619546.6,1.0,32.1,,,
2015-01-31,12396.3,64.8,3578.5,8030.6,11609.1,1.3,1.4,60.7,787.2,6.4,6.2,1629274.4,1624066.1,1.2,32.1,,,
2015-02-28,12440.6,64.9,3605.8,8069.6,11675.4,1.7,1.5,60.9,765.2,6.2,6.2,1627534.3,1628365.6,1.4,32.1,151.9,138.5,1.2
2015-03-31,12453.8,64.9,3592.2,8101.6,11693.7,1.4,1.5,60.9,760.1,6.1,6.1,1635948.1,1631466.0,1.5,32.1,,,
2015-04-30,12453.7,64.8,3607.1,8085.4,11692.5,1.3,1.6,60.8,761.2,6.1,6.1,1631235.3,1633218.7,1.4,32.1,,,
2015-05-31,12473.6,64.8,3626.2,8107.6,11733.9,1.9,1.6,61.0,739.8,5.9,6.1,1636729.1,1634373.3,1.3,32.1,157.8,145.3,1.3
2015-06-30,12476.1,64.8,3620.4,8106.3,11726.6,1.7,1.7,60.9,749.5,6.0,6.1,1632873.0,1635889.1,1.3,32.1,,,
2015-07-31,12547.8,65.1,3628.4,8132.0,11760.4,1.9,1.9,61.0,787.4,6.3,6.1,1638776.2,1638203.9,1.5,32.0,,,
2015-08-31,12527.0,64.9,3647.5,8117.0,11764.5,1.9,2.1,60.9,762.5,6.1,6.0,1636437.5,1641414.1,1.7,32.0,161.5,148.1,1.3
2015-09-30,12559.1,65.0,3640.4,8143.3,11783.7,2.1,2.3,61.0,775.4,6.2,6.0,1647369.4,1645348.5,2.0,32.0,,,
2015-10-31,12606.2,65.2,3685.0,8175.9,11860.9,2.8,2.5,61.3,745.3,5.9,5.9,1654131.8,1649761.9,2.2,32.0,,,
2015-11-30,12633.0,65.2,3700.7,8193.2,11893.9,3.0,2.6,61.4,739.1,5.9,5.9,1652067.9,1653712.5,2.3,32.0,167.4,151.8,1.3
2015-12-31,12635.5,65.2,3685.6,8224.6,11910.2,2.7,2.6,61.4,725.2,5.7,5.8,1652015.0,1656576.7,2.3,32.0,,,
2016-01-31,12677.0,65.3,3722.6,8188.7,11911.3,2.6,2.6,61.3,765.8,6.0,5.8,1662414.8,1658081.0,2.1,32.0,,,
2016-02-29,12648.4,65.0,3715.3,8213.1,11928.4,2.2,2.4,61.3,720.0,5.7,5.7,1663093.5,1658430.4,1.8,32.0,172.2,156.6,1.4
2016-03-31,12657.4,64.9,3752.3,8189.6,11941.9,2.1,2.3,61.3,715.5,5.7,5.7,1656441.2,1658209.5,1.6,31.9,,,
2016-04-30,12663.4,64.9,3773.4,8175.2,11948.6,2.2,2.2,61.2,714.8,5.6,5.7,1628033.8,1657826.4,1.5,31.9,,,
2016-05-31,12666.6,64.8,3772.4,8169.6,11941.9,1.8,2.1,61.1,724.7,5.7,5.7,1662479.8,1657459.7,1.4,31.9,171.3,154.9,1.4
2016-06-30,12684.2,64.9,3755.2,8206.6,11961.8,2.0,2.0,61.2,722.4,5.7,5.6,1657254.3,1657315.3,1.3,31.8,,,
2016-07-31,12720.2,64.9,3820.7,8175.1,11995.9,2.0,1.8,61.2,724.4,5.7,5.6,1660907.5,1657896.3,1.2,31.8,,,
2016-08-31,12667.0,64.6,3790.9,8164.9,11955.8,1.6,1.6,61.0,711.2,5.6,5.6,1662516.4,1659445.7,1.1,31.9,177.1,160.0,1.4
2016-09-30,12659.4,64.4,3835.6,8106.6,11942.2,1.3,1.3,60.8,717.2,5.7,5.7,1658672.8,1661765.5,1.0,31.9,,,
2016-10-31,12670.3,64.4,3815.1,8146.2,11961.3,0.8,1.1,60.8,709.1,5.6,5.7,1663076.6,1664815.9,0.9,32.0,,,
2016-11-30,12721.3,64.6,3801.0,8186.7,11987.7,0.8,0.9,60.9,733.7,5.8,5.7,1666290.6,1668304.6,0.9,32.0,182.4,164.9,1.4
2016-12-31,12765.5,64.7,3811.8,8208.8,12020.6,0.9,0.7,61.0,744.8,5.8,5.8,1676465.9,1671636.6,0.9,32.1,,,
2017-01-31,12759.3,64.6,3883.8,8150.2,12034.0,1.0,0.7,60.9,725.3,5.7,5.8,1707650.8,1674717.2,1.0,32.1,,,
2017-02-28,12770.2,64.5,3835.9,8182.0,12017.9,0.8,0.8,60.7,752.2,5.9,5.8,1662383.6,1677993.1,1.2,32.1,185.1,166.9,1.4
2017-03-31,12825.6,64.7,3823.8,8252.2,12075.9,1.1,1.1,60.9,749.7,5.8,5.8,1679876.4,1681801.5,1.4,32.0,,,
2017-04-30,12854.1,64.8,3873.4,8259.8,12133.2,1.5,1.3,61.1,720.9,5.6,5.7,1667556.2,1686381.0,1.7,32.0,,,
2017-05-31,12879.0,64.8,3841.2,8323.5,12164.7,1.9,1.6,61.2,714.4,5.5,5.7,1713896.8,1691746.1,2.1,32.0,185.8,167.0,1.4
2017-06-30,12922.5,65.0,3811.5,8384.4,12195.8,2.0,2.0,61.3,726.6,5.6,5.6,1710334.9,1697672.3,2.4,32.0,,,
2017-07-31,12959.1,65.0,3862.2,8370.3,12232.5,2.0,2.2,61.4,726.6,5.6,5.6,1701782.4,1703817.6,2.8,32.0,,,
2017-08-31,13000.9,65.2,3867.4,8414.5,12281.9,2.7,2.5,61.6,718.9,5.5,5.5,1705226.5,1709570.4,3.0,32.0,200.1,180.3,1.5
2017-09-30,13033.7,65.2,3892.5,8428.9,12321.4,3.2,2.8,61.7,712.2,5.5,5.5,1714663.0,1714558.7,3.2,32.0,,,
2017-10-31,13029.6,65.2,3878.8,8446.8,12325.6,3.0,3.0,61.6,704.0,5.4,5.5,1717560.0,1718350.3,3.2,32.0,,,
2017-11-30,13082.1,65.4,3881.8,8486.8,12368.6,3.2,3.2,61.8,713.5,5.5,5.5,1729360.3,1721054.3,3.2,32.0,205.1,186.7,1.6
2017-12-31,13139.6,65.6,3906.8,8495.1,12401.9,3.2,3.3,61.9,737.7,5.6,5.5,1721743.4,1722818.3,3.1,32.0,,,
2018-01-31,13156.4,65.5,3954.5,8474.9,12429.4,3.3,3.3,61.9,726.9,5.5,5.5,1717023.1,1723843.2,2.9,32.0,,,
2018-02-28,13159.8,65.4,3925.7,8500.0,12425.8,3.4,3.2,61.8,734.1,5.6,5.5,1721818.9,1724715.6,2.8,31.9,213.1,193.4,1.6
2018-03-31,13170.9,65.4,3969.5,8473.1,12442.6,3.0,3.0,61.8,728.3,5.5,5.5,1723227.0,1726326.3,2.6,31.9,,,
2018-04-30,13192.0,65.4,3945.5,8515.1,12460.6,2.7,2.8,61.8,731.4,5.5,5.5,1736342.3,1728802.3,2.5,31.9,,,
2018-05-31,13167.4,65.2,3960.9,8490.9,12451.8,2.4,2.6,61.7,715.6,5.4,5.4,1729331.4,1731942.9,2.4,31.9,223.5,202.9,1.7
2018-06-30,13227.1,65.4,3995.0,8525.3,12520.3,2.7,2.4,61.9,706.8,5.3,5.4,1737722.1,1735518.7,2.2,31.9,,,
2018-07-31,13222.6,65.3,3969.8,8552.6,12522.3,2.4,2.4,61.8,700.3,5.3,5.3,1738472.6,1738646.8,2.0,31.9,,,
2018-08-31,13282.4,65.5,3965.5,8620.3,12585.8,2.5,2.3,62.1,696.6,5.2,5.2,1740237.5,1741277.5,1.9,31.9,227.1,206.5,1.7
2018-09-30,13267.3,65.3,3953.8,8647.2,12601.1,2.3,2.4,62.1,666.2,5.0,5.2,1742888.0,1743576.3,1.7,31.8,,,
2018-10-31,13289.4,65.4,3942.6,8682.1,12624.8,2.4,2.4,62.1,664.6,5.0,5.1,1751465.0,1746355.2,1.6,31.8,,,
2018-11-30,13325.7,65.5,3978.7,8666.2,12645.0,2.2,2.3,62.1,680.8,5.1,5.1,1749272.0,1750280.4,1.7,31.8,232.4,210.7,1.7
2018-12-31,13344.5,65.5,4008.8,8666.4,12675.2,2.2,2.3,62.2,669.3,5.0,5.0,1746123.0,1755132.2,1.9,31.8,,,
2019-01-31,13391.6,65.6,3987.5,8728.4,12715.9,2.3,2.4,62.3,675.8,5.0,5.0,1764107.7,1760216.9,2.1,31.9,,,
2019-02-28,13398.6,65.5,3994.1,8736.1,12730.2,2.5,2.5,62.3,668.3,5.0,5.0,1766968.6,1764406.7,2.3,31.9,232.5,211.4,1.7
2019-03-31,13432.3,65.6,3976.2,8772.7,12748.9,2.5,2.6,62.2,683.4,5.1,5.1,1775637.4,1767010.3,2.4,31.9,,,
2019-04-30,13489.9,65.8,4023.4,8762.3,12785.7,2.6,2.7,62.4,704.2,5.2,5.1,1769133.8,1768087.1,2.3,31.8,,,
2019-05-31,13491.8,65.7,4050.1,8740.8,12791.0,2.7,2.8,62.3,700.8,5.2,5.2,1761950.3,1768023.2,2.1,31.7,227.2,205.1,1.7
2019-06-30,13513.6,65.8,4040.8,8761.8,12802.6,2.3,2.7,62.3,711.0,5.3,5.2,1764180.1,1767413.5,1.8,31.7,,,
2019-07-31,13551.8,65.9,4030.9,8805.6,12836.5,2.5,2.6,62.4,715.2,5.3,5.3,1768233.9,1767389.8,1.7,31.6,,,
2019-08-31,13597.9,66.0,4082.3,8800.5,12882.8,2.4,2.4,62.5,715.1,5.3,5.3,1772803.6,1768808.1,1.6,31.6,221.8,198.1,1.6
2019-09-30,13614.6,66.0,4068.9,8833.5,12902.4,2.4,2.2,62.5,712.2,5.2,5.2,1774231.8,1771296.7,1.6,31.6,,,
2019-10-31,13573.0,65.7,4041.5,8811.9,12853.3,1.8,2.1,62.2,719.7,5.3,5.2,1767503.4,1774058.0,1.6,31.7,,,
2019-11-30,13577.3,65.6,4071.2,8803.9,12875.1,1.8,2.0,62.2,702.2,5.2,5.2,1773077.1,1775786.4,1.5,31.7,230.6,206.1,1.7
2019-12-31,13616.0,65.7,4113.4,8816.9,12930.3,2.0,1.9,62.4,685.7,5.0,5.2,1784820.1,1775446.1,1.2,31.6,,,
2020-01-31,13645.5,65.8,4077.4,8852.3,12929.7,1.7,1.7,62.3,715.8,5.2,5.2,1779826.5,1772682.2,0.7,31.6,,,
2020-02-29,13633.3,65.6,4095.5,8841.6,12937.1,1.6,1.5,62.3,696.2,5.1,5.2,1770165.0,1768528.4,0.2,31.5,227.4,202.4,1.7
2020-03-31,13634.2,65.5,4096.8,8829.0,12925.8,1.4,1.3,62.1,708.4,5.2,5.3,1762834.3,1765319.1,-0.1,31.4,,,
2020-04-30,13177.3,63.3,3746.3,8600.4,12346.6,-3.4,-4.1,59.3,830.7,6.3,6.7,1581755.9,1592866.4,-9.9,29.9,,,
2020-05-31,12954.3,62.2,3571.4,8478.2,12049.5,-5.8,-4.3,57.9,904.7,7.0,6.9,1596747.0,1595878.5,-9.7,29.9,128.4,110.6,1.0
2020-06-30,13263.0,63.7,3827.5,8450.2,12277.7,-4.1,-3.6,58.9,985.2,7.4,6.9,1660093.2,1659618.2,-6.1,30.8,,,
2020-07-31,13413.6,64.4,3906.6,8509.1,12415.6,-3.3,-3.5,59.6,998.0,7.4,6.9,1678819.7,1667902.1,-5.6,30.9,,,
2020-08-31,13467.2,64.7,4009.5,8542.5,12552.0,-2.6,-2.5,60.3,915.3,6.8,6.9,1682548.3,1676525.6,-5.2,30.7,203.3,181.2,1.5
2020-09-30,13451.9,64.6,4010.4,8508.9,12519.3,-3.0,-2.1,60.1,932.6,6.9,6.8,1682313.4,1690263.5,-4.6,30.8,,,
2020-10-31,13602.9,65.3,4067.2,8590.4,12657.6,-1.5,-1.7,60.8,945.3,6.9,6.8,1710842.2,1729859.3,-2.5,31.4,,,
2020-11-30,13674.8,65.7,4081.5,8662.1,12743.6,-1.0,-1.2,61.2,931.3,6.8,6.6,1747250.0,1737008.4,-2.2,31.4,260.1,234.4,1.9
2020-12-31,13702.7,65.8,4093.1,8711.4,12804.5,-1.0,-0.9,61.5,898.2,6.6,6.4,1743735.9,1744160.3,-1.8,31.4,,,
2021-01-31,13702.0,65.8,4072.0,8770.9,12842.9,-0.7,-0.7,61.7,859.1,6.3,6.3,1729708.7,1750977.3,-1.2,31.4,,,
2021-02-28,13691.0,65.7,4064.7,8826.5,12891.2,-0.4,-0.4,61.9,799.8,5.8,5.9,1748644.1,1756887.5,-0.7,31.4,287.9,259.7,2.1
2021-03-31,13732.4,65.9,4157.7,8796.7,12954.4,0.2,-0.1,62.2,778.0,5.7,5.6,1796754.6,1761423.2,-0.2,31.4,,,
2021-04-30,13696.5,65.7,4126.0,8820.7,12946.7,4.9,5.6,62.1,749.9,5.5,5.4,1767271.1,1764782.3,10.8,31.4,,,
2021-05-31,13735.0,65.8,4135.8,8897.9,13033.7,8.2,5.8,62.5,701.3,5.1,5.2,1799773.7,1767454.6,10.8,31.3,366.7,336.6,2.7
2021-06-30,13749.1,65.9,4122.1,8935.6,13057.7,6.4,5.1,62.6,691.3,5.0,5.1,1772345.8,1769578.0,6.6,31.3,,,
2021-07-31,13733.4,65.8,4139.7,8944.4,13084.1,5.4,5.0,62.7,649.2,4.7,4.9,1771988.0,1761550.1,5.6,31.1,,,
2021-08-31,13573.0,65.0,4048.0,8903.9,12951.9,3.2,4.0,62.0,621.1,4.6,4.7,1701432.2,1721135.8,2.7,30.3,329.2,297.8,2.4
2021-09-30,13460.7,64.4,3892.5,8934.2,12826.7,2.5,3.8,61.4,634.0,4.7,4.6,1722433.5,1726657.7,2.2,30.4,,,
2021-10-31,13483.6,64.5,3878.8,8898.8,12777.6,0.9,3.6,61.1,706.1,5.2,4.6,1719640.0,1734382.6,0.3,30.4,,,
2021-11-30,13784.5,65.8,4123.1,9022.9,13146.0,3.2,3.3,62.8,638.5,4.6,4.6,1789275.9,1805409.8,3.9,31.5,406.6,372.1,2.9
2021-12-31,13808.4,65.9,4142.0,9085.3,13227.4,3.3,3.4,63.1,581.1,4.2,4.3,1822544.1,1814208.3,4.0,31.6,,,
2022-01-31,13877.9,66.1,4166.3,9134.4,13300.7,3.6,3.5,63.3,577.1,4.2,4.1,1740751.2,1815471.4,3.7,31.4,,,
2022-02-28,13920.6,66.1,4144.6,9215.4,13360.0,3.6,3.7,63.5,560.5,4.0,4.0,1813209.2,1822007.1,3.7,31.4,422.9,385.0,3.0
2022-03-31,13945.8,66.1,4151.7,9240.0,13391.7,3.4,3.8,63.5,554.1,4.0,3.9,1812592.0,1827794.3,3.8,31.4,,,
2022-04-30,13986.4,66.2,4106.4,9339.7,13446.1,3.9,4.0,63.7,540.3,3.9,3.9,1822545.7,1833758.7,3.9,31.3,,,
2022-05-31,14032.6,66.3,4097.8,9382.6,13480.4,3.4,4.2,63.7,552.2,3.9,3.8,1845862.3,1840834.7,4.2,31.3,473.1,432.3,3.4
2022-06-30,14091.2,66.5,4149.2,9433.2,13582.4,4.0,4.4,64.1,508.8,3.6,3.7,1852795.9,1849485.3,4.5,31.3,,,
2022-07-31,14078.7,66.3,4206.0,9386.8,13592.7,3.9,4.5,64.0,486.0,3.5,3.6,1848973.1,1859079.7,5.5,31.4,,,
2022-08-31,14164.8,66.5,4166.8,9498.0,13664.8,5.5,4.6,64.2,500.0,3.5,3.5,1870780.6,1868834.3,8.6,31.5,466.5,421.0,3.3
2022-09-30,14184.7,66.5,4146.8,9526.3,13673.2,6.6,4.6,64.1,511.5,3.6,3.5,1873896.5,1878366.9,8.8,31.6,,,
2022-10-31,14200.6,66.4,4140.8,9571.8,13712.6,7.3,4.5,64.1,488.0,3.4,3.5,1906651.9,1887911.7,8.9,31.7,,,
2022-11-30,14286.1,66.6,4189.6,9594.4,13784.0,4.9,4.4,64.3,502.1,3.5,3.5,1901958.9,1897390.5,5.1,31.8,451.3,404.4,3.2
2022-12-31,14268.6,66.4,4132.2,9633.1,13765.4,4.1,4.2,64.1,503.3,3.5,3.5,1901115.3,1906668.6,5.1,31.8,,,
2023-01-31,14320.4,66.5,4167.3,9629.4,13796.8,3.7,4.0,64.0,523.7,3.7,3.6,1917793.8,1915260.5,5.5,31.9,,,
2023-02-28,14351.4,66.4,4147.0,9687.3,13834.4,3.6,3.8,64.0,517.0,3.6,3.6,1920714.3,1923381.3,5.6,31.9,439.3,392.6,3.1
2023-03-31,14452.7,66.7,4153.9,9781.2,13935.2,4.1,3.7,64.3,517.6,3.6,3.6,1933348.9,1930757.9,5.6,32.0,,,
2023-04-30,14459.0,66.6,4168.4,9752.7,13921.1,3.5,3.5,64.1,537.8,3.7,3.6,1975809.1,1936340.9,5.6,31.9,,,
2023-05-31,14527.6,66.7,4198.4,9808.8,14007.1,3.9,3.4,64.3,520.5,3.6,3.6,1937306.0,1939330.0,5.4,31.9,422.2,375.7,2.9
2023-06-30,14542.2,66.7,4195.3,9834.3,14029.6,3.3,3.3,64.3,512.6,3.5,3.6,1941800.4,1939324.9,4.9,31.8,,,
2023-07-31,14569.3,66.6,4222.7,9804.7,14027.4,3.2,3.2,64.1,542.0,3.7,3.6,1942078.4,1936847.6,4.2,31.7,,,
2023-08-31,14639.1,66.8,4271.7,9828.2,14100.0,3.2,3.1,64.3,539.2,3.7,3.7,1930363.0,1932419.3,3.4,31.5,399.6,355.3,2.7
2023-09-30,14616.1,66.5,4311.3,9783.4,14094.7,3.1,3.1,64.1,521.4,3.6,3.7,1922270.7,1926638.9,2.6,31.4,,,
2023-10-31,14707.3,66.8,4354.3,9797.2,14151.5,3.2,3.1,64.3,555.8,3.8,3.8,1925190.3,1921274.4,1.8,31.2,,,
2023-11-30,14784.6,67.0,4360.9,9842.7,14203.6,3.0,3.1,64.4,581.0,3.9,3.8,1920551.4,1918427.1,1.1,31.1,385.2,342.6,2.6
2023-12-31,14721.8,66.6,4399.2,9735.7,14134.9,2.7,3.0,63.9,586.9,4.0,3.9,1913639.2,1919266.8,0.7,31.1,,,
2024-01-31,14730.4,66.5,4393.7,9734.3,14128.0,2.4,2.9,63.8,602.4,4.1,3.9,1915291.9,1923445.7,0.4,31.1,,,
2024-02-29,14800.7,66.6,4424.1,9824.6,14248.7,3.0,2.7,64.2,552.1,3.7,4.0,1927663.3,1929375.6,0.3,31.2,360.2,320.3,2.4
2024-03-31,14812.1,66.5,4388.4,9849.2,14237.6,2.2,2.5,64.0,574.6,3.9,4.0,1953108.8,1935252.5,0.2,31.2,,,
2024-04-30,14864.5,66.7,4430.5,9823.6,14254.1,2.4,2.3,64.0,610.4,4.1,4.0,1948273.4,1940071.7,0.2,31.3,,,
2024-05-31,14880.0,66.7,4436.9,9848.1,14285.0,2.0,2.2,64.0,595.0,4.0,4.0,1936693.3,1943380.4,0.2,31.3,345.9,307.1,2.3
2024-06-30,14926.8,66.8,4432.6,9891.1,14323.7,2.1,2.2,64.1,603.1,4.0,4.1,1942270.1,1945691.2,0.3,31.2,,,
2024-07-31,15006.1,67.1,4435.6,9939.6,14375.2,2.5,2.2,64.3,630.9,4.2,4.1,1947287.6,1948719.1,0.6,31.2,,,
2024-08-31,15028.8,67.1,4462.8,9945.1,14407.9,2.2,2.2,64.3,620.9,4.1,4.1,1959718.0,1953762.7,1.1,31.2,332.3,296.4,2.2
2024-09-30,15051.9,67.1,4467.8,9978.0,14445.8,2.5,2.2,64.4,606.1,4.0,4.1,1961884.6,1960682.6,1.8,31.3,,,
2024-10-31,15060.8,67.0,4478.9,9965.7,14444.6,2.1,2.2,64.3,616.2,4.1,4.0,1956668.6,1967819.8,2.4,31.3,,,
2024-11-30,15059.8,66.9,4445.6,10021.7,14467.4,1.9,2.3,64.3,592.4,3.9,4.0,1972818.5,1972921.4,2.8,31.3,346.5,310.5,2.3
2024-12-31,15125.3,67.1,4517.3,10004.3,14521.6,2.7,2.3,64.4,603.7,4.0,4.0,1981198.3,1975529.2,2.9,31.3,,,
2025-01-31,15177.6,67.2,4525.3,10027.6,14552.9,3.0,2.3,64.5,624.6,4.1,4.0,1979930.6,1976106.8,2.7,31.3,,,
2025-02-28,15097.3,66.7,4487.6,9997.4,14485.0,1.7,2.3,64.0,612.3,4.1,4.0,1975875.6,1975883.9,2.4,31.2,325.8,288.6,2.2
2025-03-31,15122.5,66.7,4527.0,9981.9,14508.9,1.9,2.2,64.0,613.6,4.1,4.1,1967948.8,1975905.8,2.1,31.2,,,
2025-04-30,15210.0,67.0,4548.8,10040.2,14589.0,2.3,2.1,64.3,621.0,4.1,4.1,1970918.5,1976723.8,1.9,31.2,,,
2025-05-31,15205.9,66.9,4505.5,10077.6,14583.0,2.1,2.0,64.2,622.8,4.1,4.2,1996686.3,1978474.4,1.8,31.2,336.0,298.4,2.2
2025-06-30,15236.8,67.0,4543.4,10034.6,14578.0,1.8,1.8,64.1,658.8,4.3,4.2,1978088.2,1980763.0,1.8,31.2,,,
2025-07-31,15262.2,67.0,4508.8,10104.5,14613.2,1.7,1.6,64.1,649.0,4.3,4.3,1984431.7,1982792.5,1.7,31.3,,,
2025-08-31,15247.8,66.8,4542.5,10057.0,14599.6,1.3,1.4,64.0,648.3,4.3,4.3,1977173.7,1984686.7,1.6,31.3,327.5,288.9,2.1
2025-09-30,15292.1,66.9,4549.2,10061.6,14610.7,1.1,1.3,63.9,681.3,4.5,4.3,1986721.7,1986976.5,1.3,31.3,,,
2025-10-31,15307.9,66.9,4535.5,10109.4,14644.9,1.4,1.2,64.0,663.0,4.3,4.3,1992829.9,1990256.6,1.1,31.3,,,
2025-11-30,15269.6,66.7,4569.7,10040.6,14610.2,1.0,1.2,63.8,659.4,4.3,4.3,1991700.5,1994835.9,1.1,31.3,329.0,289.8,2.2
2025-12-31,15303.6,66.7,4579.3,10095.3,14674.6,1.1,1.2,64.0,629.0,4.1,4.3,1998995.3,2000011.3,1.2,31.3,,,
2026-01-31,15324.4,66.7,4550.6,10149.6,14700.2,1.0,1.2,64.0,624.2,4.1,4.3,2010684.1,2005203.3,1.5,31.4,,,
2026-02-28,15409.8,66.9,4628.0,10121.9,14749.8,1.8,1.3,64.0,660.0,4.3,4.3,2007328.0,2010344.5,1.7,31.4,337.9,299.0,2.2
2026-03-31,15424.0,66.8,4593.3,10174.4,14767.7,1.8,1.4,64.0,656.3,4.3,4.3,2016490.5,2014552.0,2.0,31.4,,,
2026-04-30,,,,,,,,,,,,,,,,,,
2026-05-31,,,,,,,,,,,,,,,,,,
2026-06-30,,,,,,,,,,,,,,,,,,
